video_id,user_id,likes,views,comments,timestamp
1,1,40802,109833,3849,7/5/2021
2,2,45563,932483,1745,11/2/2021
3,3,43237,169419,7698,1/5/2020
4,4,15340,475795,2547,8/9/2022
5,5,63929,80943,8048,5/5/2020
6,6,12566,733048,254,9/5/2021
7,7,18372,686090,822,12/22/2020
8,8,7659,650538,9670,6/11/2021
9,9,60720,504385,509,5/21/2020
10,10,74231,877208,3112,11/7/2021
11,11,73398,495351,9102,8/1/2022
12,12,78296,12368,1022,2/20/2022
13,13,37232,655076,6184,7/4/2021
14,14,1542,7831,9956,6/6/2021
15,15,14981,221021,5569,8/10/2020
16,16,38650,46775,5958,5/1/2021
17,17,82190,850927,6336,3/27/2022
18,18,72961,589322,549,11/1/2022
19,19,25955,449801,3693,8/4/2021
20,20,42430,333564,446,4/20/2022
21,21,65760,266614,924,3/27/2020
22,22,81612,74934,1300,12/8/2020
23,23,27817,592865,7607,10/3/2021
24,24,77803,476033,553,1/6/2020
25,25,16815,48253,396,8/2/2020
26,26,35486,428017,4953,10/3/2020
27,27,59144,488690,7968,5/5/2021
28,28,88665,909830,8026,3/5/2021
29,29,44973,150358,903,3/20/2021
30,30,55,908003,6019,1/15/2020
31,31,68358,584355,8087,4/10/2020
32,32,40596,547504,2000,12/21/2022
33,33,47885,647845,8540,1/31/2021
34,34,4659,923767,1745,5/30/2021
35,35,5775,954537,2967,1/11/2020
36,36,99095,163733,7061,4/17/2021
37,37,33793,154750,4509,6/19/2020
38,38,98712,300506,9991,4/20/2022
39,39,60011,609501,534,12/23/2021
40,40,22027,824713,699,7/1/2021
41,41,69412,959886,5721,7/2/2021
42,42,64896,240436,2469,1/9/2022
43,43,40596,902940,9487,3/31/2021
44,44,34473,478723,9109,6/11/2021
45,45,12181,142890,8406,8/5/2022
46,46,79118,792437,2036,12/29/2020
47,47,53945,832305,212,2/12/2020
48,48,60081,730248,2241,10/27/2021
49,49,49743,287647,579,3/7/2021
50,50,76857,363154,7098,4/26/2022
51,51,81575,533397,2616,8/20/2022
52,52,89416,159840,4437,10/22/2020
53,53,48670,776351,7019,9/20/2022
54,54,5456,812033,7705,2/18/2020
55,55,17295,400433,1105,1/31/2021
56,56,84786,756950,6217,11/6/2022
57,57,40947,438915,7782,12/20/2022
58,58,17453,153499,4600,3/13/2021
59,59,19437,79787,5319,4/2/2020
60,60,43487,135412,6200,8/17/2020
61,61,23777,628002,4058,10/23/2020
62,62,81116,364058,1111,3/29/2020
63,63,86312,926078,6753,6/2/2020
64,64,36699,607711,2363,11/25/2020
65,65,83680,114824,4102,11/23/2022
66,66,25969,621617,9214,7/13/2022
67,67,47504,195670,2220,4/3/2020
68,68,67496,906946,5001,6/28/2022
69,69,81809,318001,6616,12/28/2020
70,70,8410,602334,2291,8/29/2020
71,71,33983,737133,7279,10/26/2021
72,72,68324,958710,4370,8/26/2020
73,73,91510,892811,8644,5/28/2022
74,74,9100,386706,8350,4/12/2020
75,75,3858,282358,8234,5/21/2022
76,76,33178,375371,9451,2/22/2022
77,77,80324,999331,3530,4/4/2021
78,78,67138,861630,6861,10/8/2022
79,79,4518,490473,2315,5/19/2021
80,80,24192,581718,9370,4/27/2021
81,81,6597,369040,2526,4/2/2020
82,82,32559,239388,765,12/5/2020
83,83,62737,981170,930,3/20/2021
84,84,62184,811962,4375,10/31/2021
85,85,76536,57174,4616,4/18/2020
86,86,75837,785519,9117,3/28/2021
87,87,2893,751418,7498,6/7/2021
88,88,85702,87716,5907,11/3/2021
89,89,74396,425238,8418,2/3/2022
90,90,77514,644513,915,4/25/2021
91,91,53478,40152,1177,10/31/2021
92,92,65797,476863,3526,9/22/2020
93,93,6272,995387,656,5/17/2020
94,94,90438,515578,9538,5/21/2021
95,95,8839,128382,8303,3/31/2021
96,96,47659,221150,8959,10/9/2021
97,97,33958,26104,1487,1/30/2020
98,98,9519,993299,5832,1/19/2022
99,99,56438,367654,1302,3/2/2020
100,100,99438,129491,1784,1/25/2021
101,101,49316,484642,3630,8/25/2020
102,102,63680,770571,8517,10/29/2021
103,103,35349,610014,7666,8/20/2020
104,104,67111,622038,5431,4/29/2020
105,105,28761,9152,8257,11/28/2022
106,106,54056,385659,7004,11/13/2022
107,107,30831,58309,7028,2/12/2021
108,108,62596,840390,974,2/9/2022
109,109,23358,771741,6918,6/21/2020
110,110,88745,928922,9188,8/24/2022
111,111,65610,303534,2785,10/1/2021
112,112,62065,316619,4110,9/20/2022
113,113,7340,828785,8706,5/11/2022
114,114,88009,979727,126,2/2/2021
115,115,5683,919411,6186,9/17/2020
116,116,34414,905375,1984,1/20/2020
117,117,25790,920418,8954,2/8/2022
118,118,172,472631,8952,4/14/2021
119,119,76014,7293,1560,10/18/2021
120,120,4608,758786,531,6/9/2021
121,121,85534,51625,5209,2/9/2021
122,122,92838,47316,8607,8/6/2021
123,123,71981,213136,7555,8/14/2020
124,124,90894,289882,9963,6/1/2022
125,125,20879,121369,6094,10/30/2021
126,126,78696,823302,9263,1/3/2022
127,127,61436,108477,7695,11/2/2021
128,128,8141,864409,3688,2/28/2022
129,129,54012,131020,4060,2/1/2021
130,130,35102,256239,6172,2/7/2021
131,131,4200,527876,3676,2/10/2022
132,132,9108,751479,8382,7/21/2020
133,133,39856,598782,6289,7/19/2020
134,134,64573,142244,6919,9/17/2022
135,135,33370,500205,7591,3/21/2020
136,136,429,393274,4110,12/26/2020
137,137,88839,773782,8785,3/30/2021
138,138,77083,866592,1432,5/30/2022
139,139,66180,383411,3429,9/26/2020
140,140,37013,765855,6094,4/7/2020
141,141,72332,74320,436,11/23/2020
142,142,57283,323918,1436,1/22/2021
143,143,76096,956326,4526,9/26/2022
144,144,70517,880391,5581,5/6/2021
145,145,62867,645826,1699,5/20/2021
146,146,96642,952027,3797,10/23/2021
147,147,24973,630775,8740,12/22/2022
148,148,2272,983740,8278,3/19/2020
149,149,83235,484938,7214,9/29/2022
150,150,99601,508184,5850,5/1/2022
151,151,99204,84818,6023,11/2/2022
152,152,77275,123301,3812,10/8/2021
153,153,67647,488670,6874,2/12/2022
154,154,10287,491455,2803,2/2/2020
155,155,94232,389310,9298,8/8/2022
156,156,32868,692663,420,2/1/2020
157,157,11237,801709,2063,9/17/2020
158,158,75633,840163,5798,2/15/2020
159,159,22164,68598,6661,5/7/2022
160,160,62000,180089,7246,6/5/2022
161,161,96372,603216,7266,4/9/2020
162,162,91862,86140,7299,11/15/2020
163,163,75600,286593,8441,7/20/2020
164,164,73942,484430,6500,1/15/2022
165,165,8822,552718,1201,5/29/2020
166,166,12588,294481,7099,4/19/2021
167,167,41189,226160,1030,11/15/2022
168,168,7956,438948,5631,4/23/2020
169,169,31763,514132,9631,2/25/2021
170,170,886,61784,1217,10/27/2021
171,171,25290,919085,7674,8/15/2021
172,172,158,235234,2507,8/27/2022
173,173,27274,467229,2139,9/21/2021
174,174,61777,299798,6304,4/12/2021
175,175,10440,889653,1146,4/30/2022
176,176,7499,18516,4132,3/11/2021
177,177,15292,742705,2275,6/17/2020
178,178,89229,436213,3393,5/26/2020
179,179,2025,444117,1671,6/10/2022
180,180,91473,350293,615,12/20/2020
181,181,51323,765891,6350,2/10/2021
182,182,89180,402242,1645,6/6/2022
183,183,40112,689742,8971,6/3/2020
184,184,5036,86845,6699,6/30/2020
185,185,47577,723886,7745,4/25/2021
186,186,76557,180902,1114,6/28/2022
187,187,48852,215108,5541,4/2/2021
188,188,7722,282085,4882,11/10/2021
189,189,88512,821006,9190,1/10/2021
190,190,1349,102279,300,12/11/2020
191,191,80337,829223,6675,9/8/2021
192,192,66294,137709,2273,1/4/2021
193,193,86317,792790,6846,3/17/2021
194,194,92119,125065,464,9/13/2020
195,195,21358,194620,6770,12/11/2020
196,196,99189,438199,3092,6/8/2021
197,197,14985,278354,6363,11/23/2022
198,198,57630,937253,5182,10/15/2021
199,199,69526,479502,8276,9/26/2022
200,200,86225,445992,1722,3/12/2021
201,201,7513,501032,8778,6/4/2022
202,202,25777,521687,4119,8/12/2021
203,203,90280,929148,9905,9/26/2021
204,204,83197,513847,7742,5/18/2020
205,205,79685,479717,3886,9/27/2020
206,206,4709,409466,1424,12/28/2020
207,207,31583,331657,2500,1/30/2020
208,208,20480,732259,3658,3/16/2020
209,209,54810,520628,88,9/11/2020
210,210,69119,227700,9706,6/17/2021
211,211,90787,265023,7091,6/19/2020
212,212,20623,924826,8262,9/3/2020
213,213,92721,519210,4851,8/24/2021
214,214,28348,145896,5037,6/9/2021
215,215,96450,613669,7357,3/30/2022
216,216,29674,888359,9761,8/31/2022
217,217,71252,255261,6716,5/10/2022
218,218,95736,447398,9787,6/11/2020
219,219,65777,508903,251,5/19/2020
220,220,49720,435256,801,5/25/2021
221,221,56127,623155,2138,1/18/2021
222,222,11853,621226,1546,8/27/2021
223,223,691,143230,3735,8/18/2021
224,224,19239,695796,5794,1/25/2022
225,225,95314,567952,7705,11/19/2021
226,226,60557,696665,20,2/17/2022
227,227,70548,408226,9868,12/6/2020
228,228,80463,653116,8221,3/1/2021
229,229,93906,409,6031,8/31/2020
230,230,29507,550721,5830,7/25/2020
231,231,62080,914948,4953,2/27/2021
232,232,47643,679736,5120,9/12/2022
233,233,70455,553353,5594,6/15/2022
234,234,83082,51349,3403,12/3/2021
235,235,31191,615867,9929,5/29/2022
236,236,69612,561510,7941,6/14/2020
237,237,47333,544208,9755,9/10/2021
238,238,83111,428977,374,3/15/2020
239,239,45994,488209,3803,1/6/2021
240,240,64871,42152,7925,3/28/2022
241,241,99258,803414,7178,12/10/2021
242,242,94548,67627,8612,5/19/2021
243,243,70433,460217,9970,2/8/2021
244,244,91715,663296,6439,12/2/2020
245,245,12961,336246,7858,4/27/2021
246,246,9772,62126,9261,11/1/2021
247,247,91960,689638,5077,8/13/2020
248,248,8009,97158,3764,10/5/2020
249,249,96001,933639,3185,4/7/2021
250,250,7136,272124,6866,4/27/2021
251,251,96552,141053,6133,9/3/2021
252,252,5873,853864,9363,2/28/2021
253,253,25311,71236,3351,5/9/2021
254,254,3922,71886,9228,6/5/2022
255,255,19092,91087,6065,1/5/2020
256,256,43547,443277,6829,11/11/2020
257,257,7540,951086,9692,10/18/2020
258,258,11093,711773,4463,11/9/2021
259,259,66255,676227,5700,10/24/2021
260,260,36352,316237,958,5/31/2021
261,261,48077,242413,2106,1/28/2022
262,262,92871,497304,2318,8/5/2021
263,263,66044,821561,8449,5/12/2020
264,264,50109,898853,2377,9/30/2020
265,265,21212,520225,6658,3/1/2020
266,266,12651,2936,298,9/19/2020
267,267,68900,941147,4821,8/1/2022
268,268,53728,36954,4830,10/7/2021
269,269,34741,695648,7452,8/26/2020
270,270,40638,797309,9956,9/19/2020
271,271,57148,858886,7581,11/7/2020
272,272,97345,566612,7619,9/13/2022
273,273,19706,87749,5461,8/24/2021
274,274,74320,719899,6417,5/2/2020
275,275,60178,124484,6974,10/4/2022
276,276,71948,17329,7488,2/18/2020
277,277,14787,722555,5725,7/30/2022
278,278,79958,170056,1407,9/21/2020
279,279,84280,178488,1282,2/13/2021
280,280,17713,550341,8123,3/4/2022
281,281,66866,48716,6932,12/15/2022
282,282,47788,766246,2392,6/22/2020
283,283,87703,878403,3409,4/12/2022
284,284,11892,266120,7709,2/25/2022
285,285,42037,628408,9838,3/16/2022
286,286,56772,652600,5212,3/11/2022
287,287,88392,953953,2640,10/19/2020
288,288,78798,149305,8776,6/10/2022
289,289,20593,815408,918,7/13/2022
290,290,89965,882694,8529,12/20/2022
291,291,42712,387015,1607,6/29/2020
292,292,48914,423643,8506,9/30/2020
293,293,31615,744998,3047,1/4/2020
294,294,12770,926192,6486,9/30/2020
295,295,72596,151349,9743,4/7/2021
296,296,8796,695365,5645,6/20/2021
297,297,22713,155981,9177,2/12/2021
298,298,35231,300175,4499,11/23/2020
299,299,90661,980372,6837,10/25/2021
300,300,57165,621569,8592,8/19/2022
301,301,88073,583821,6771,7/12/2021
302,302,24918,98620,5521,10/4/2021
303,303,68626,474697,8192,6/12/2020
304,304,15492,234842,4811,1/9/2020
305,305,76592,948093,2001,9/28/2020
306,306,8651,473689,4956,10/9/2020
307,307,25398,118897,4937,5/1/2021
308,308,61442,369133,5736,12/30/2020
309,309,84807,506106,2629,11/3/2022
310,310,8475,560106,1744,9/9/2020
311,311,51116,989249,3258,7/24/2022
312,312,54960,607612,19,5/1/2021
313,313,84580,402272,835,7/8/2021
314,314,75846,954412,2863,11/20/2021
315,315,22389,361260,1455,2/5/2021
316,316,75154,15648,3123,1/31/2021
317,317,55244,343813,9774,7/25/2022
318,318,49251,180631,2432,1/29/2022
319,319,46535,872104,3817,6/10/2020
320,320,53778,182632,7123,10/14/2021
321,321,98880,577791,619,10/21/2022
322,322,11955,34457,3694,7/20/2020
323,323,82354,170467,4502,7/27/2021
324,324,52232,642646,5552,4/11/2022
325,325,45565,778422,6694,7/26/2020
326,326,89155,981506,7601,5/4/2020
327,327,49342,830504,5825,8/14/2021
328,328,46830,797852,969,2/5/2021
329,329,17816,563274,8737,3/25/2021
330,330,46485,755310,3652,9/24/2021
331,331,41552,841163,1114,6/5/2020
332,332,84774,306800,5522,7/1/2021
333,333,88263,324880,7458,12/5/2021
334,334,54797,209456,7868,11/1/2020
335,335,4920,268735,9352,1/20/2021
336,336,66861,690229,4244,4/25/2022
337,337,44197,523904,6326,9/16/2022
338,338,82588,859398,9028,4/17/2022
339,339,2459,90869,6968,7/17/2020
340,340,45138,626025,2732,6/23/2022
341,341,15159,97578,8273,5/16/2021
342,342,94555,413000,6954,11/15/2020
343,343,56302,94265,9531,9/27/2020
344,344,23108,155491,7473,9/4/2020
345,345,85047,719040,8693,1/11/2021
346,346,58480,402315,4883,9/30/2020
347,347,48644,635054,4858,2/23/2020
348,348,64149,533411,703,2/16/2020
349,349,38749,885207,3140,8/4/2022
350,350,40816,315221,3357,11/24/2020
351,351,93146,691898,8687,9/5/2022
352,352,45053,858316,1484,2/18/2022
353,353,889,879630,6794,10/30/2021
354,354,57318,538821,2382,9/16/2022
355,355,7841,363219,8219,2/10/2022
356,356,33637,808187,9974,6/25/2021
357,357,33562,895946,1708,3/1/2022
358,358,57057,480565,3399,11/6/2020
359,359,74886,126996,8726,8/19/2020
360,360,29271,510389,7964,9/27/2022
361,361,68368,573896,1480,2/14/2020
362,362,81992,266660,7951,8/27/2020
363,363,33377,100186,8919,3/11/2022
364,364,5382,156883,5629,3/7/2022
365,365,79655,690544,4392,3/7/2020
366,366,49817,247539,5049,12/22/2022
367,367,4923,358438,7779,8/2/2021
368,368,74393,726089,192,6/4/2022
369,369,55621,479214,5442,8/4/2021
370,370,2487,550792,764,4/23/2020
371,371,68811,781127,3303,2/7/2020
372,372,2969,349883,6287,1/8/2020
373,373,88182,254139,8694,12/12/2020
374,374,50622,421798,8219,4/1/2020
375,375,92992,851678,2044,5/19/2021
376,376,54363,685433,2942,10/21/2022
377,377,79519,640110,1507,1/4/2021
378,378,3019,916848,8359,1/4/2021
379,379,42699,399037,6945,12/20/2021
380,380,7489,326345,8919,2/12/2020
381,381,72691,406860,9823,9/1/2021
382,382,2216,341269,8337,7/23/2021
383,383,4352,557983,8008,1/23/2021
384,384,40579,477310,7796,12/8/2020
385,385,87564,170396,2098,11/4/2022
386,386,2402,895194,1655,3/8/2022
387,387,93639,651396,3374,8/20/2020
388,388,92310,345246,6847,11/9/2021
389,389,64715,123343,1287,4/20/2021
390,390,38845,808936,199,7/25/2022
391,391,68,809804,1600,3/20/2020
392,392,43546,274816,1684,6/4/2021
393,393,70669,805618,2972,5/3/2020
394,394,9759,772820,9819,11/2/2021
395,395,66582,669920,2476,12/7/2020
396,396,22091,691479,9558,6/22/2022
397,397,57544,240289,4092,6/30/2020
398,398,86911,356107,2887,1/6/2020
399,399,26594,225305,4579,10/29/2020
400,400,95895,763461,4832,7/11/2022
401,401,47437,436295,9951,6/30/2022
402,402,47280,455242,8714,11/29/2022
403,403,13510,421823,2261,10/21/2022
404,404,58921,980672,4288,9/10/2020
405,405,12599,132352,2449,9/17/2022
406,406,4132,257575,6506,1/11/2021
407,407,64230,101877,4603,9/17/2022
408,408,75113,829380,6140,10/28/2020
409,409,41265,290790,1478,3/16/2020
410,410,30932,489675,3443,1/1/2021
411,411,51473,537027,7631,2/16/2021
412,412,99544,763412,1886,12/23/2022
413,413,49718,353281,4016,12/20/2020
414,414,57524,547901,7140,3/17/2020
415,415,42378,735247,9600,5/27/2021
416,416,9239,269914,251,8/21/2021
417,417,22315,6535,4259,1/22/2021
418,418,67418,189696,7684,4/17/2020
419,419,78057,731359,6094,6/13/2022
420,420,9188,191315,9129,5/10/2020
421,421,31697,55570,7984,9/19/2021
422,422,50279,198040,4832,6/4/2020
423,423,37877,762217,5010,8/6/2021
424,424,467,786192,1813,7/9/2021
425,425,88694,482742,4457,3/30/2020
426,426,22213,691758,9722,8/21/2020
427,427,50265,911800,5235,3/8/2020
428,428,89014,262728,5554,2/18/2021
429,429,36363,59793,1478,4/4/2021
430,430,52626,492814,2371,8/5/2020
431,431,68784,666497,2490,3/29/2021
432,432,81057,437069,5164,2/7/2020
433,433,9159,142045,8660,9/23/2021
434,434,36282,418106,4069,3/17/2021
435,435,8325,944839,6304,6/22/2021
436,436,60520,176758,6976,6/14/2022
437,437,99982,704655,2743,1/16/2020
438,438,72220,382796,5004,8/4/2020
439,439,12728,758386,8497,3/6/2021
440,440,78437,374197,6448,9/5/2020
441,441,46609,919784,6223,5/26/2020
442,442,3584,803161,2796,5/20/2021
443,443,63513,164881,3729,2/3/2020
444,444,76245,877976,6976,6/26/2020
445,445,71847,14752,4559,1/27/2020
446,446,65258,57415,712,6/29/2020
447,447,4265,5825,5484,7/17/2021
448,448,77032,372664,1519,10/28/2021
449,449,82363,445867,450,3/9/2021
450,450,57602,666796,4799,10/10/2021
451,451,16458,66721,3646,7/11/2022
452,452,72617,449716,3807,3/31/2020
453,453,98559,376236,7324,10/24/2022
454,454,90087,474640,7864,8/29/2021
455,455,84642,974045,6726,12/14/2021
456,456,10181,251798,5920,1/30/2022
457,457,19059,858631,5892,3/10/2020
458,458,60906,663391,6740,6/8/2020
459,459,98647,952776,8418,2/26/2021
460,460,76928,523882,4580,10/11/2022
461,461,73951,998175,1198,10/30/2021
462,462,31973,830204,4582,7/9/2022
463,463,88103,434361,3035,12/25/2021
464,464,20696,863114,9029,11/21/2021
465,465,85070,110552,6054,7/17/2020
466,466,33393,756945,706,3/24/2022
467,467,53465,817922,6880,10/29/2021
468,468,62425,960097,3161,1/5/2022
469,469,27131,34869,3897,2/27/2020
470,470,89891,658410,4875,2/15/2020
471,471,6279,442889,4029,12/13/2021
472,472,41564,748303,9278,5/30/2022
473,473,55846,335204,8988,9/8/2021
474,474,90330,939011,294,7/11/2022
475,475,96243,192700,4289,9/30/2022
476,476,88442,997884,1937,12/20/2022
477,477,22049,825914,5148,9/16/2021
478,478,7516,900153,2571,12/17/2022
479,479,49428,956537,4079,10/6/2022
480,480,52376,414284,7499,8/14/2020
481,481,54362,68672,3955,11/26/2020
482,482,96515,115736,4602,4/8/2022
483,483,75141,158476,6793,4/17/2020
484,484,18887,734297,9409,8/14/2021
485,485,14346,179845,7405,4/24/2020
486,486,43323,145494,5272,4/5/2022
487,487,29761,914959,3888,11/9/2021
488,488,6211,130039,3823,10/2/2021
489,489,86227,428520,9858,3/18/2020
490,490,2244,165511,2241,2/18/2020
491,491,13055,132656,5165,9/19/2020
492,492,2530,517583,180,4/13/2021
493,493,87361,774451,6998,5/1/2022
494,494,32105,387051,4441,7/18/2022
495,495,83721,945327,8032,11/1/2020
496,496,17357,301806,1464,4/29/2021
497,497,62659,889498,4545,8/17/2022
498,498,38947,538113,3054,1/15/2020
499,499,31127,21441,6941,2/4/2022
500,500,54002,82733,8081,5/30/2020
501,501,85712,915227,6835,9/24/2020
502,502,80169,76645,6265,2/20/2022
503,503,53632,121912,5261,8/10/2021
504,504,43992,18309,1940,8/8/2021
505,505,10755,171823,9526,12/31/2021
506,506,39430,453376,9598,8/13/2022
507,507,31404,399594,7244,3/20/2022
508,508,41004,938463,518,7/17/2020
509,509,95369,838985,7023,2/19/2020
510,510,99765,958402,891,8/12/2021
511,511,75037,214104,7036,9/23/2022
512,512,14004,766820,9352,7/28/2021
513,513,71955,835883,637,12/10/2020
514,514,66166,471982,8576,10/15/2021
515,515,39187,389097,9773,12/1/2020
516,516,15794,544498,6432,1/22/2021
517,517,99111,844155,2874,4/5/2022
518,518,43022,52431,1279,9/12/2020
519,519,23696,317767,9439,6/5/2020
520,520,9210,873864,1368,6/6/2021
521,521,26479,368399,927,8/10/2020
522,522,81106,353087,621,11/23/2021
523,523,70815,170599,8505,3/31/2022
524,524,42182,366854,934,9/13/2021
525,525,99389,201188,4422,3/10/2022
526,526,30516,628188,5751,9/27/2021
527,527,92376,967496,1579,6/11/2022
528,528,41232,24077,2592,11/14/2021
529,529,73384,138005,3430,7/15/2022
530,530,19880,14218,3695,11/21/2022
531,531,23411,129564,6617,12/27/2020
532,532,37979,491516,8971,6/7/2020
533,533,50570,360415,1999,7/21/2020
534,534,20303,765888,5950,9/28/2020
535,535,71030,804148,5078,6/17/2021
536,536,76359,486380,7619,9/30/2020
537,537,48805,972481,1399,7/7/2022
538,538,62320,463494,2050,3/25/2022
539,539,22172,922692,3065,10/10/2021
540,540,4297,683083,9459,2/20/2022
541,541,55912,667267,454,7/25/2020
542,542,24182,567753,4881,2/20/2020
543,543,81396,858958,6405,7/28/2022
544,544,23763,412751,9909,7/20/2021
545,545,61906,87617,9297,3/30/2020
546,546,2485,20677,8756,11/11/2021
547,547,11415,190098,9515,1/19/2022
548,548,6202,902191,2280,7/15/2020
549,549,74763,869909,7710,5/17/2022
550,550,58250,635320,4817,3/30/2020
551,551,74094,72955,6335,5/23/2022
552,552,23309,740634,1719,12/13/2022
553,553,27145,719111,5251,2/26/2020
554,554,94749,817914,2140,8/30/2020
555,555,26781,563897,1976,12/19/2020
556,556,56252,858134,3934,7/2/2020
557,557,74135,869995,7982,7/25/2021
558,558,25825,634725,5241,8/26/2020
559,559,82027,442247,8334,8/3/2022
560,560,64375,226797,3041,4/12/2022
561,561,4354,740084,9859,12/13/2020
562,562,60888,504636,6604,11/15/2021
563,563,74512,805000,8247,2/8/2021
564,564,47277,937704,6286,7/10/2020
565,565,48602,697001,9469,10/21/2021
566,566,26028,707305,8018,11/12/2020
567,567,43593,358417,4477,3/2/2020
568,568,92382,278507,2465,9/28/2021
569,569,25472,385990,3605,1/8/2022
570,570,4447,332708,6003,11/27/2020
571,571,63318,6105,8261,4/24/2020
572,572,95104,877818,7373,3/10/2020
573,573,94546,174527,1921,2/12/2020
574,574,60325,923015,7903,10/18/2021
575,575,70616,332888,8546,12/13/2021
576,576,92701,122047,7406,11/7/2021
577,577,19885,605617,4257,5/30/2021
578,578,68154,362933,9000,7/30/2021
579,579,61321,31235,5760,7/19/2020
580,580,23947,481710,2450,12/9/2020
581,581,55812,581241,2385,11/26/2021
582,582,84360,891891,8937,3/14/2022
583,583,38225,718902,5742,11/27/2022
584,584,90005,476169,9663,11/12/2022
585,585,38174,408163,7585,3/26/2021
586,586,95424,711219,7423,2/21/2021
587,587,74241,1245,5688,10/9/2021
588,588,52141,537557,6263,5/8/2021
589,589,54666,635570,7440,5/22/2021
590,590,29394,190354,7732,3/17/2022
591,591,66884,482644,9410,10/9/2022
592,592,90810,474930,1452,1/2/2021
593,593,34506,734301,6391,9/13/2022
594,594,51702,771263,4759,5/30/2022
595,595,87072,267928,6571,4/17/2022
596,596,42604,821550,9980,1/11/2020
597,597,52858,859095,6501,10/12/2020
598,598,41857,138636,1227,2/24/2020
599,599,13602,733052,4429,2/22/2021
600,600,64162,647463,9748,11/6/2022
601,601,96548,634478,1940,11/3/2020
602,602,46911,959885,814,7/26/2021
603,603,28681,854730,9167,6/15/2022
604,604,17005,216000,7681,11/12/2021
605,605,69454,70357,6059,9/16/2021
606,606,35367,740088,9688,5/25/2021
607,607,73076,420276,8675,12/25/2022
608,608,11354,918478,2011,9/9/2020
609,609,17883,27680,2447,9/14/2021
610,610,41898,615258,6316,7/30/2020
611,611,80330,8838,9459,10/27/2020
612,612,37031,56354,3094,2/16/2022
613,613,850,966366,8668,1/19/2020
614,614,8619,998171,9141,8/8/2022
615,615,44972,100330,2237,8/10/2021
616,616,92812,995293,2101,5/7/2021
617,617,35327,198556,9027,2/3/2021
618,618,65620,170296,3703,10/12/2020
619,619,9837,773925,8257,7/8/2021
620,620,7406,131739,188,1/18/2021
621,621,19591,94589,717,10/26/2020
622,622,26211,647580,9843,11/30/2020
623,623,59059,94023,5547,10/6/2021
624,624,63133,925311,8788,11/9/2021
625,625,17330,306524,2279,11/24/2022
626,626,12821,243633,7084,3/5/2021
627,627,34373,391443,2390,8/1/2020
628,628,56233,468858,6324,10/23/2021
629,629,16210,603572,3599,11/17/2021
630,630,20517,287305,9206,6/17/2022
631,631,67495,112170,1315,11/19/2022
632,632,63,566525,2801,2/2/2020
633,633,60227,269285,4949,5/29/2021
634,634,81059,896569,816,7/13/2020
635,635,42856,302157,4744,9/19/2022
636,636,29667,194595,8369,1/31/2020
637,637,42243,775840,6862,7/9/2021
638,638,36437,601352,5663,1/7/2020
639,639,94654,308009,8767,1/20/2020
640,640,34407,632301,3988,12/6/2022
641,641,25607,753771,5334,12/6/2020
642,642,27218,674778,789,10/28/2022
643,643,23541,187105,9851,9/27/2020
644,644,57724,897712,8533,5/12/2021
645,645,5773,189093,3254,5/2/2022
646,646,21043,336096,5408,7/16/2021
647,647,45880,779529,738,12/14/2021
648,648,50308,289520,4230,4/10/2020
649,649,24389,474907,5689,1/7/2021
650,650,86000,875639,5869,8/8/2021
651,651,45570,171046,4875,2/2/2022
652,652,75997,336996,8493,9/13/2022
653,653,37331,389787,5013,7/10/2021
654,654,26327,343239,5139,12/29/2021
655,655,56045,694854,7943,9/15/2020
656,656,52484,36924,5626,7/19/2021
657,657,431,353277,8431,4/26/2022
658,658,12150,334355,9039,7/1/2022
659,659,46597,119484,2778,5/22/2020
660,660,23289,281072,9845,4/26/2022
661,661,6726,568929,5211,7/17/2021
662,662,1623,367626,5892,9/18/2020
663,663,14512,57073,4055,9/8/2020
664,664,94703,779084,2579,2/3/2022
665,665,83484,510467,8140,4/21/2022
666,666,38204,393017,5697,11/20/2022
667,667,46935,118485,6074,12/23/2022
668,668,95270,796670,1865,8/3/2022
669,669,91063,673254,6958,1/21/2020
670,670,73275,622749,7420,10/30/2022
671,671,77621,103940,5631,7/21/2022
672,672,91470,307036,8275,8/19/2022
673,673,11955,330067,4819,9/22/2022
674,674,56610,312207,9866,8/23/2021
675,675,73752,415025,1662,12/12/2022
676,676,41593,512168,6970,3/18/2021
677,677,17119,214710,9515,6/21/2020
678,678,74283,907242,9461,2/26/2022
679,679,92365,912987,8444,11/29/2020
680,680,78179,113213,5541,12/16/2022
681,681,19753,976245,8858,7/6/2020
682,682,83463,908533,6715,6/17/2022
683,683,68853,830806,8636,9/25/2020
684,684,80937,426957,9159,12/30/2022
685,685,71742,218460,9839,5/20/2022
686,686,73151,69499,8049,7/16/2021
687,687,13757,477440,8204,3/6/2022
688,688,24691,347903,8549,9/2/2020
689,689,41243,88579,6450,5/31/2022
690,690,59231,652437,830,1/17/2021
691,691,69511,335992,8045,6/14/2022
692,692,53015,792781,7851,8/16/2021
693,693,667,286195,442,8/28/2022
694,694,82508,261637,566,12/23/2021
695,695,49626,812168,9274,4/4/2021
696,696,74282,548274,3041,1/13/2020
697,697,61621,395340,3602,1/13/2021
698,698,84531,156247,2553,3/16/2021
699,699,64034,623131,5848,11/9/2022
700,700,10138,857194,4543,4/28/2022
701,701,70186,913897,1374,8/10/2020
702,702,43052,932208,8323,7/19/2022
703,703,62491,466823,1245,11/27/2022
704,704,92471,758764,1299,8/6/2020
705,705,14849,975241,7734,3/1/2021
706,706,85674,37075,4995,7/9/2022
707,707,91314,376988,7318,5/2/2021
708,708,41439,544672,1921,2/5/2021
709,709,45154,613239,6720,12/25/2020
710,710,47836,215627,2754,7/30/2022
711,711,21010,663317,9982,5/5/2020
712,712,72958,178779,6280,11/27/2021
713,713,5087,863375,3247,3/29/2022
714,714,56408,935759,186,9/22/2022
715,715,93741,538616,9537,7/3/2022
716,716,37398,704295,5056,12/2/2020
717,717,54540,894444,6637,9/26/2021
718,718,88384,739413,1079,9/7/2020
719,719,51783,572835,723,8/30/2022
720,720,82349,868101,7735,6/15/2021
721,721,31658,641117,2071,3/13/2021
722,722,57731,236363,4275,2/24/2020
723,723,27936,205284,3363,3/8/2022
724,724,41996,198306,1452,11/24/2022
725,725,32062,882274,4712,11/11/2020
726,726,5420,81705,777,5/10/2020
727,727,72600,67161,6665,5/24/2022
728,728,89101,525073,9189,1/25/2022
729,729,15936,693116,269,12/27/2021
730,730,62588,997733,9925,8/9/2020
731,731,94070,887023,2388,8/26/2020
732,732,37870,297174,7137,6/23/2022
733,733,54695,307960,5732,2/5/2022
734,734,93201,313359,9694,3/1/2021
735,735,43851,931834,6917,4/26/2021
736,736,61203,637551,9946,4/9/2020
737,737,34908,439919,8680,2/2/2021
738,738,31936,968988,6155,3/10/2020
739,739,77791,407155,7397,11/2/2022
740,740,22073,815949,8331,8/8/2020
741,741,39192,459018,1373,10/20/2021
742,742,28664,819364,6588,5/11/2020
743,743,79719,89781,7736,2/26/2022
744,744,26943,852987,6534,4/1/2020
745,745,20517,99511,6049,9/8/2022
746,746,92965,693687,4738,5/13/2022
747,747,12742,228144,3919,5/18/2022
748,748,58383,86718,8280,11/11/2021
749,749,70682,472430,6692,1/24/2022
750,750,75778,841281,3197,1/21/2020
751,751,60645,814614,6935,2/8/2020
752,752,41001,644486,4723,4/1/2021
753,753,42533,198975,8807,5/28/2020
754,754,85811,222617,362,11/13/2022
755,755,5739,607921,3591,5/24/2021
756,756,14234,53778,5570,7/9/2021
757,757,65578,566040,3946,3/4/2022
758,758,90215,373747,1996,10/31/2022
759,759,98696,577012,6514,4/8/2021
760,760,28513,774885,3741,1/22/2022
761,761,32312,706563,7876,9/23/2022
762,762,76332,45067,5383,4/20/2022
763,763,33281,43114,8513,11/24/2022
764,764,42947,16712,6858,12/21/2022
765,765,29133,467763,6366,3/2/2020
766,766,24875,928646,3363,5/2/2021
767,767,52516,521676,7910,8/6/2021
768,768,13974,82321,8894,4/20/2021
769,769,28040,472308,9416,5/10/2020
770,770,82828,122775,1373,5/13/2020
771,771,52120,572900,1313,2/13/2021
772,772,73374,201287,2964,8/2/2021
773,773,14564,633779,9994,6/9/2022
774,774,31694,181283,4211,5/2/2022
775,775,66767,212515,7616,3/18/2021
776,776,51362,645777,2210,12/12/2021
777,777,15942,285982,3604,10/8/2021
778,778,59307,284253,3533,11/11/2021
779,779,66755,244028,869,6/5/2021
780,780,6576,650679,9520,12/5/2020
781,781,57362,392069,5497,4/15/2021
782,782,74065,746169,5787,12/27/2021
783,783,21502,432845,945,8/14/2022
784,784,53132,362095,8937,3/6/2021
785,785,77939,393449,5126,7/15/2021
786,786,68655,59496,3227,5/5/2021
787,787,64013,780513,7117,9/23/2021
788,788,15300,149753,1630,1/19/2022
789,789,26927,26709,5769,5/5/2021
790,790,36801,376950,9924,4/21/2022
791,791,50364,899921,5874,3/7/2020
792,792,66341,843010,5829,2/8/2021
793,793,53052,605408,4256,2/18/2021
794,794,74595,22218,8469,12/20/2021
795,795,21294,273754,3336,3/6/2020
796,796,77003,267327,8608,7/29/2022
797,797,46409,824248,192,10/1/2021
798,798,89726,43717,7463,7/25/2021
799,799,77267,33501,4363,9/4/2021
800,800,86697,773620,3345,10/12/2021
801,801,60550,788274,1648,8/23/2022
802,802,18615,924897,6996,3/5/2022
803,803,69380,619916,8819,12/12/2020
804,804,70967,506802,5557,7/11/2020
805,805,87426,313096,9397,4/2/2020
806,806,99155,95778,323,5/23/2020
807,807,40224,603609,5351,5/27/2022
808,808,72889,673880,9721,5/18/2021
809,809,15449,125200,7364,3/21/2021
810,810,40301,410784,954,5/27/2021
811,811,25888,514549,1669,4/3/2021
812,812,71482,933322,9220,3/16/2020
813,813,92281,397909,8135,2/4/2021
814,814,43267,946985,960,9/26/2022
815,815,33737,221966,1610,2/10/2020
816,816,13834,748919,6024,5/27/2021
817,817,48968,144755,9589,7/12/2021
818,818,5254,491747,8088,3/28/2022
819,819,69086,808157,370,7/5/2021
820,820,22562,605711,9903,5/12/2022
821,821,98504,695939,6014,5/1/2022
822,822,13761,430378,5133,5/19/2022
823,823,96581,282992,5984,11/13/2021
824,824,12094,614747,4925,2/26/2021
825,825,17573,358529,2850,5/24/2020
826,826,64314,114649,4826,7/18/2020
827,827,91598,402870,4036,8/16/2022
828,828,70222,998391,1393,8/31/2020
829,829,39062,13705,3180,4/23/2020
830,830,54505,885839,2043,6/26/2020
831,831,78396,168038,5803,4/11/2021
832,832,46665,650461,7580,2/25/2021
833,833,23402,870481,736,4/19/2020
834,834,83371,683924,1834,9/20/2021
835,835,22428,569927,4509,7/17/2022
836,836,708,942040,9337,6/4/2020
837,837,73019,337689,7871,8/31/2020
838,838,81670,388620,3528,4/14/2020
839,839,51210,897639,2841,9/22/2021
840,840,16859,828284,6813,12/25/2021
841,841,8959,372272,3107,6/2/2022
842,842,4865,358390,685,8/3/2020
843,843,44077,797098,9196,6/24/2022
844,844,37859,529735,205,6/27/2022
845,845,6968,48886,6397,1/13/2020
846,846,10769,361513,7886,3/20/2021
847,847,81227,428068,724,2/11/2020
848,848,11241,506197,6444,1/2/2021
849,849,18017,14994,6399,5/23/2022
850,850,89542,179140,692,8/24/2021
851,851,3413,89878,908,10/15/2021
852,852,16339,40290,8633,8/28/2022
853,853,85943,933874,3625,9/29/2022
854,854,72343,580501,3324,10/26/2022
855,855,21996,875042,6959,7/4/2021
856,856,5769,120915,3801,2/3/2022
857,857,6910,437811,4406,7/2/2022
858,858,83715,570166,8561,7/7/2022
859,859,70482,412706,7766,9/27/2020
860,860,12199,819605,6249,3/19/2022
861,861,80079,188374,8961,3/24/2022
862,862,26649,618227,6473,8/28/2022
863,863,33532,779012,1557,3/29/2020
864,864,61422,401565,5627,12/23/2020
865,865,37523,105108,4724,4/7/2020
866,866,77895,405532,2534,6/6/2020
867,867,11588,472653,5369,4/25/2021
868,868,46251,219717,3548,5/2/2021
869,869,45079,308424,73,8/21/2021
870,870,93150,158869,5814,5/14/2021
871,871,39051,996032,5318,11/5/2021
872,872,31704,657718,2382,2/8/2021
873,873,61772,498911,5611,4/14/2020
874,874,79697,895181,5872,12/27/2022
875,875,7488,698593,9016,10/14/2020
876,876,60501,837759,2371,2/14/2022
877,877,93564,601823,3463,4/3/2020
878,878,24876,262822,2699,8/17/2022
879,879,93852,346530,7531,3/10/2022
880,880,17860,58175,4112,11/18/2020
881,881,63417,415509,9506,5/17/2022
882,882,84699,667285,4031,5/8/2022
883,883,50903,42330,1328,11/23/2021
884,884,7736,299284,3633,5/15/2020
885,885,81116,256084,7757,12/22/2020
886,886,40656,898480,4292,11/9/2020
887,887,38719,48660,4256,6/9/2020
888,888,86828,911428,5403,4/18/2021
889,889,29549,12572,6821,12/23/2022
890,890,70325,970304,9843,5/15/2021
891,891,52444,543310,4190,10/24/2022
892,892,7300,18158,6381,7/6/2021
893,893,81144,252715,2450,12/19/2020
894,894,93135,148537,6219,1/24/2022
895,895,44510,853345,4482,12/17/2021
896,896,68650,284945,4130,5/6/2022
897,897,58536,753100,3052,2/8/2022
898,898,90998,950411,4932,9/1/2022
899,899,55958,39538,5437,7/8/2021
900,900,32251,495927,3882,11/10/2020
901,901,15446,541104,9382,1/20/2021
902,902,63702,757182,6008,4/29/2020
903,903,69138,474154,5035,5/12/2020
904,904,97930,685692,816,5/14/2020
905,905,47348,966543,1480,10/3/2022
906,906,59304,166275,9165,3/6/2022
907,907,48484,652030,861,6/22/2022
908,908,53268,165664,2548,12/20/2020
909,909,51853,640121,9066,3/5/2020
910,910,47735,956308,3372,12/17/2022
911,911,38261,299560,2899,12/11/2020
912,912,29662,913449,2543,4/27/2022
913,913,35297,443493,238,10/13/2021
914,914,44099,269254,6800,11/20/2022
915,915,75810,968435,3998,10/14/2022
916,916,97865,341646,3116,6/21/2020
917,917,96069,540959,4630,3/23/2022
918,918,69767,458372,948,1/10/2022
919,919,65331,225349,9404,7/8/2021
920,920,63233,77245,8884,6/29/2022
921,921,27217,217047,386,10/2/2020
922,922,20261,3561,9969,8/5/2020
923,923,87508,819890,4753,12/29/2022
924,924,23454,2557,4268,6/25/2022
925,925,92393,659224,3557,5/20/2020
926,926,48829,149549,9936,1/19/2021
927,927,43630,74056,5318,7/30/2022
928,928,71072,738771,7454,6/15/2021
929,929,68489,870415,9508,12/21/2020
930,930,9240,187144,9456,7/13/2022
931,931,83707,98131,9475,4/2/2020
932,932,1998,199384,7048,1/4/2021
933,933,96356,848641,364,10/25/2022
934,934,84888,795544,2799,1/21/2022
935,935,69828,458798,9875,2/1/2021
936,936,236,284641,9452,2/8/2021
937,937,60822,736940,5797,10/23/2022
938,938,92930,840347,3876,3/23/2020
939,939,41101,120187,8252,6/14/2020
940,940,69566,91683,5058,1/8/2020
941,941,58893,825484,5740,7/23/2020
942,942,99830,103820,203,9/10/2021
943,943,98354,916606,1272,2/11/2022
944,944,83381,746433,5074,5/31/2022
945,945,19453,992217,7142,5/5/2021
946,946,69076,163487,3279,9/28/2021
947,947,51530,860461,8492,12/11/2020
948,948,22623,778439,6643,3/28/2022
949,949,50272,117696,7267,8/29/2020
950,950,2201,646463,6264,4/22/2022
951,951,35885,36720,1286,11/20/2021
952,952,60708,7240,7298,8/17/2022
953,953,4287,520580,7911,8/6/2021
954,954,26298,205876,8663,10/19/2021
955,955,31414,893439,8726,9/21/2020
956,956,12517,650682,5584,9/28/2021
957,957,18667,519604,5231,4/3/2020
958,958,53629,472446,2004,11/18/2022
959,959,78024,716510,3627,9/28/2022
960,960,23026,563779,8375,7/6/2022
961,961,81811,705335,5536,3/22/2022
962,962,61196,432187,3586,3/29/2021
963,963,18475,354546,9553,3/16/2020
964,964,99476,449404,2874,10/1/2021
965,965,20499,262742,5341,6/2/2021
966,966,98965,717827,9538,3/27/2021
967,967,43134,640896,4387,1/11/2022
968,968,88139,906980,1845,9/28/2021
969,969,25633,769833,3785,12/10/2022
970,970,96677,145676,3271,2/24/2021
971,971,74401,381655,8638,2/18/2020
972,972,16042,570661,2520,11/9/2022
973,973,8869,848608,22,12/20/2022
974,974,58117,283898,8069,12/15/2022
975,975,769,161112,156,11/2/2021
976,976,50826,731241,728,7/28/2022
977,977,71043,505289,5678,9/11/2020
978,978,65421,997041,3144,12/29/2022
979,979,66788,810112,4897,9/13/2020
980,980,97007,795031,7694,1/30/2020
981,981,37170,671569,3177,9/30/2022
982,982,16639,996450,1875,12/7/2021
983,983,16005,914323,9334,8/23/2021
984,984,78101,895950,2749,2/25/2020
985,985,4678,221634,4701,5/14/2020
986,986,49314,173506,8859,4/12/2022
987,987,66911,263692,7579,4/6/2021
988,988,44627,891068,4172,6/22/2022
989,989,75507,786522,801,12/24/2020
990,990,6647,359922,4120,6/19/2021
991,991,46452,289572,3689,9/10/2022
992,992,89193,322409,6446,5/13/2020
993,993,275,427054,691,7/31/2020
994,994,46532,226523,5279,1/22/2022
995,995,70527,458424,5917,11/28/2021
996,996,60506,146157,8358,5/21/2021
997,997,90049,401930,3714,3/12/2020
998,998,71815,860511,7825,6/4/2020
999,999,97723,755021,2494,1/9/2021
1000,1000,63376,974470,2946,6/4/2021
